Id,task_1,task_2
data/test/melanoma/ISIC_0012258.jpg,0.2484,0.26684
data/test/melanoma/ISIC_0012356.jpg,0.256876,0.294097
data/test/melanoma/ISIC_0012369.jpg,0.389399,0.092948
data/test/melanoma/ISIC_0012395.jpg,0.158206,0.652687
data/test/melanoma/ISIC_0012425.jpg,0.0842673,0.19732
data/test/melanoma/ISIC_0012758.jpg,0.215844,0.00562367
data/test/melanoma/ISIC_0012989.jpg,0.104901,0.102109
data/test/melanoma/ISIC_0013072.jpg,0.58031,0.115874
data/test/melanoma/ISIC_0013073.jpg,0.518491,0.0584341
data/test/melanoma/ISIC_0013242.jpg,0.542033,0.0748001
data/test/melanoma/ISIC_0013277.jpg,0.0819718,0.650395
data/test/melanoma/ISIC_0013321.jpg,0.117151,0.592224
data/test/melanoma/ISIC_0013374.jpg,0.471384,0.0225436
data/test/melanoma/ISIC_0013411.jpg,0.077036,0.877539
data/test/melanoma/ISIC_0013414.jpg,0.0409122,0.0385476
data/test/melanoma/ISIC_0013455.jpg,0.308366,0.0351412
data/test/melanoma/ISIC_0013457.jpg,0.398436,0.361311
data/test/melanoma/ISIC_0013459.jpg,0.182652,0.0880192
data/test/melanoma/ISIC_0013472.jpg,0.2369,0.437038
data/test/melanoma/ISIC_0013473.jpg,0.209757,0.724856
data/test/melanoma/ISIC_0013565.jpg,0.229055,0.488354
data/test/melanoma/ISIC_0013577.jpg,0.035886,0.872749
data/test/melanoma/ISIC_0013588.jpg,0.178796,0.413696
data/test/melanoma/ISIC_0013615.jpg,0.363372,0.201295
data/test/melanoma/ISIC_0013617.jpg,0.20589,0.305734
data/test/melanoma/ISIC_0013636.jpg,0.29682,0.307931
data/test/melanoma/ISIC_0013678.jpg,0.172957,0.664632
data/test/melanoma/ISIC_0013696.jpg,0.203973,0.222417
data/test/melanoma/ISIC_0013733.jpg,0.462918,0.368497
data/test/melanoma/ISIC_0013739.jpg,0.0288751,0.923901
data/test/melanoma/ISIC_0013766.jpg,0.306877,0.0167837
data/test/melanoma/ISIC_0013767.jpg,0.537544,0.0956096
data/test/melanoma/ISIC_0013813.jpg,0.264278,0.459699
data/test/melanoma/ISIC_0013814.jpg,0.498562,0.276908
data/test/melanoma/ISIC_0013833.jpg,0.645508,0.257587
data/test/melanoma/ISIC_0013842.jpg,0.0966003,0.443531
data/test/melanoma/ISIC_0013867.jpg,0.409715,0.117776
data/test/melanoma/ISIC_0013908.jpg,0.357601,0.419806
data/test/melanoma/ISIC_0013917.jpg,0.0174911,0.237441
data/test/melanoma/ISIC_0013925.jpg,0.0125898,0.976573
data/test/melanoma/ISIC_0013948.jpg,0.65619,0.0496965
data/test/melanoma/ISIC_0013953.jpg,0.0617078,0.722212
data/test/melanoma/ISIC_0013987.jpg,0.294963,0.471529
data/test/melanoma/ISIC_0013988.jpg,0.212275,0.607006
data/test/melanoma/ISIC_0014027.jpg,0.0324465,0.871468
data/test/melanoma/ISIC_0014059.jpg,0.0901684,0.00973843
data/test/melanoma/ISIC_0014077.jpg,0.298445,0.347742
data/test/melanoma/ISIC_0014103.jpg,0.0831437,0.631353
data/test/melanoma/ISIC_0014110.jpg,0.332075,0.0527316
data/test/melanoma/ISIC_0014129.jpg,0.572419,0.223059
data/test/melanoma/ISIC_0014148.jpg,0.233259,0.608751
data/test/melanoma/ISIC_0014160.jpg,0.540032,0.165522
data/test/melanoma/ISIC_0014181.jpg,0.68572,0.158538
data/test/melanoma/ISIC_0014186.jpg,0.0917362,0.603539
data/test/melanoma/ISIC_0014219.jpg,0.306268,0.522244
data/test/melanoma/ISIC_0014221.jpg,0.0768139,0.179522
data/test/melanoma/ISIC_0014233.jpg,0.246344,0.622022
data/test/melanoma/ISIC_0014255.jpg,0.138425,0.195522
data/test/melanoma/ISIC_0014270.jpg,0.349377,0.4684
data/test/melanoma/ISIC_0014284.jpg,0.214157,0.638849
data/test/melanoma/ISIC_0014288.jpg,0.291733,0.206073
data/test/melanoma/ISIC_0014319.jpg,0.681727,0.0633905
data/test/melanoma/ISIC_0014336.jpg,0.36002,0.536936
data/test/melanoma/ISIC_0014349.jpg,0.330554,0.47696
data/test/melanoma/ISIC_0014369.jpg,0.416419,0.103486
data/test/melanoma/ISIC_0014423.jpg,0.334963,0.457595
data/test/melanoma/ISIC_0014434.jpg,0.0203254,0.953639
data/test/melanoma/ISIC_0014454.jpg,0.361079,0.300833
data/test/melanoma/ISIC_0014478.jpg,0.631002,0.057396
data/test/melanoma/ISIC_0014489.jpg,0.630362,0.18305
data/test/melanoma/ISIC_0014506.jpg,0.393375,0.458419
data/test/melanoma/ISIC_0014513.jpg,0.226861,0.583298
data/test/melanoma/ISIC_0014541.jpg,0.755515,0.11429
data/test/melanoma/ISIC_0014542.jpg,0.302291,0.162454
data/test/melanoma/ISIC_0014546.jpg,0.615893,0.05985
data/test/melanoma/ISIC_0014548.jpg,0.522336,0.0323703
data/test/melanoma/ISIC_0014559.jpg,0.328815,0.632485
data/test/melanoma/ISIC_0014663.jpg,0.68418,0.0790422
data/test/melanoma/ISIC_0014666.jpg,0.484231,0.325433
data/test/melanoma/ISIC_0014695.jpg,0.190542,0.169825
data/test/melanoma/ISIC_0014703.jpg,0.332295,0.526205
data/test/melanoma/ISIC_0014727.jpg,0.229585,0.513305
data/test/melanoma/ISIC_0014766.jpg,0.403891,0.353849
data/test/melanoma/ISIC_0014772.jpg,0.317694,0.125339
data/test/melanoma/ISIC_0014784.jpg,0.188988,0.762415
data/test/melanoma/ISIC_0014790.jpg,0.142897,0.814243
data/test/melanoma/ISIC_0014800.jpg,0.173028,0.0685242
data/test/melanoma/ISIC_0014826.jpg,0.264563,0.0030562
data/test/melanoma/ISIC_0014862.jpg,0.345857,0.117853
data/test/melanoma/ISIC_0014872.jpg,0.17999,0.689182
data/test/melanoma/ISIC_0014883.jpg,0.196335,0.00132798
data/test/melanoma/ISIC_0014912.jpg,0.45837,0.110138
data/test/melanoma/ISIC_0014928.jpg,0.092637,0.0234784
data/test/melanoma/ISIC_0014932.jpg,0.113296,0.0295215
data/test/melanoma/ISIC_0014963.jpg,0.729675,0.0483815
data/test/melanoma/ISIC_0014982.jpg,0.570743,0.120135
data/test/melanoma/ISIC_0015004.jpg,0.214139,0.0473773
data/test/melanoma/ISIC_0015041.jpg,0.4741,0.0886206
data/test/melanoma/ISIC_0015046.jpg,0.184903,0.255584
data/test/melanoma/ISIC_0015050.jpg,0.594439,0.149168
data/test/melanoma/ISIC_0015071.jpg,0.740507,0.0712451
data/test/melanoma/ISIC_0015115.jpg,0.518469,0.0568801
data/test/melanoma/ISIC_0015119.jpg,0.715784,0.0479247
data/test/melanoma/ISIC_0015127.jpg,0.425572,0.012365
data/test/melanoma/ISIC_0015132.jpg,0.678218,0.0584437
data/test/melanoma/ISIC_0015133.jpg,0.241647,0.0805365
data/test/melanoma/ISIC_0015136.jpg,0.462659,0.0541337
data/test/melanoma/ISIC_0015142.jpg,0.567909,0.108636
data/test/melanoma/ISIC_0015156.jpg,0.359271,0.267533
data/test/melanoma/ISIC_0015163.jpg,0.331158,0.380648
data/test/melanoma/ISIC_0015167.jpg,0.571711,0.328785
data/test/melanoma/ISIC_0015180.jpg,0.449245,0.405013
data/test/melanoma/ISIC_0015185.jpg,0.330372,0.355968
data/test/melanoma/ISIC_0015193.jpg,0.268979,0.0220636
data/test/melanoma/ISIC_0015206.jpg,0.421248,0.0167371
data/test/melanoma/ISIC_0015229.jpg,0.759915,0.150451
data/test/melanoma/ISIC_0015251.jpg,0.24855,0.128089
data/test/nevus/ISIC_0012092.jpg,0.219899,0.0653761
data/test/nevus/ISIC_0012095.jpg,0.185626,0.142321
data/test/nevus/ISIC_0012147.jpg,0.0265549,0.160637
data/test/nevus/ISIC_0012149.jpg,0.0275286,0.923803
data/test/nevus/ISIC_0012152.jpg,0.0405585,0.849326
data/test/nevus/ISIC_0012216.jpg,0.0508629,0.320276
data/test/nevus/ISIC_0012357.jpg,0.27903,0.513167
data/test/nevus/ISIC_0012484.jpg,0.117016,0.527881
data/test/nevus/ISIC_0012493.jpg,0.0985706,0.165981
data/test/nevus/ISIC_0012551.jpg,0.0418311,0.401723
data/test/nevus/ISIC_0012654.jpg,0.0525702,0.0886124
data/test/nevus/ISIC_0012656.jpg,0.254661,0.00623276
data/test/nevus/ISIC_0012708.jpg,0.0541907,0.257754
data/test/nevus/ISIC_0012722.jpg,0.0864438,0.0748578
data/test/nevus/ISIC_0012803.jpg,0.268961,0.486043
data/test/nevus/ISIC_0012836.jpg,0.150283,0.10082
data/test/nevus/ISIC_0012837.jpg,0.0756904,0.731258
data/test/nevus/ISIC_0012903.jpg,0.0536755,0.0767376
data/test/nevus/ISIC_0012904.jpg,0.0445945,0.104686
data/test/nevus/ISIC_0012941.jpg,0.0159677,0.427222
data/test/nevus/ISIC_0012967.jpg,0.0495063,0.595339
data/test/nevus/ISIC_0013045.jpg,0.215521,0.00652253
data/test/nevus/ISIC_0013070.jpg,0.0765948,0.104985
data/test/nevus/ISIC_0013109.jpg,0.105392,0.0373098
data/test/nevus/ISIC_0013159.jpg,0.046979,0.756294
data/test/nevus/ISIC_0013164.jpg,0.0348522,0.0362757
data/test/nevus/ISIC_0013176.jpg,0.173763,0.0324637
data/test/nevus/ISIC_0013191.jpg,0.117424,0.261395
data/test/nevus/ISIC_0013216.jpg,0.0825534,0.56969
data/test/nevus/ISIC_0013226.jpg,0.0420781,0.276376
data/test/nevus/ISIC_0013230.jpg,0.0846399,0.0319077
data/test/nevus/ISIC_0013269.jpg,0.364268,0.0384121
data/test/nevus/ISIC_0013291.jpg,0.29048,0.0147192
data/test/nevus/ISIC_0013325.jpg,0.0647937,0.0849216
data/test/nevus/ISIC_0013399.jpg,0.0187756,0.146763
data/test/nevus/ISIC_0013416.jpg,0.0215703,0.0904585
data/test/nevus/ISIC_0013511.jpg,0.408604,0.339366
data/test/nevus/ISIC_0013512.jpg,0.0978742,0.685672
data/test/nevus/ISIC_0013529.jpg,0.221338,0.0133091
data/test/nevus/ISIC_0013600.jpg,0.394037,0.0910055
data/test/nevus/ISIC_0013602.jpg,0.508864,0.0314622
data/test/nevus/ISIC_0013738.jpg,0.0317928,0.0180993
data/test/nevus/ISIC_0013794.jpg,0.0383135,0.0250072
data/test/nevus/ISIC_0013809.jpg,0.619148,0.0353477
data/test/nevus/ISIC_0013891.jpg,0.223494,0.169335
data/test/nevus/ISIC_0013897.jpg,0.282822,0.577545
data/test/nevus/ISIC_0013911.jpg,0.174982,0.458947
data/test/nevus/ISIC_0013966.jpg,0.0671956,0.814458
data/test/nevus/ISIC_0013998.jpg,0.208075,0.188928
data/test/nevus/ISIC_0014090.jpg,0.0251343,0.0289455
data/test/nevus/ISIC_0014117.jpg,0.138812,0.0477903
data/test/nevus/ISIC_0014470.jpg,0.00785584,0.921135
data/test/nevus/ISIC_0014675.jpg,0.0811561,0.00796658
data/test/nevus/ISIC_0014677.jpg,0.0642266,0.0295533
data/test/nevus/ISIC_0014687.jpg,0.298591,0.0590839
data/test/nevus/ISIC_0014693.jpg,0.534892,0.0329399
data/test/nevus/ISIC_0014697.jpg,0.0400603,0.369298
data/test/nevus/ISIC_0014698.jpg,0.115658,0.0827519
data/test/nevus/ISIC_0014720.jpg,0.217758,0.0038668
data/test/nevus/ISIC_0014725.jpg,0.356538,0.0386289
data/test/nevus/ISIC_0014728.jpg,0.284568,0.021004
data/test/nevus/ISIC_0014729.jpg,0.166582,0.0998992
data/test/nevus/ISIC_0014740.jpg,0.500356,0.237
data/test/nevus/ISIC_0014743.jpg,0.255583,0.196995
data/test/nevus/ISIC_0014746.jpg,0.229959,0.0334043
data/test/nevus/ISIC_0014749.jpg,0.228267,0.0323719
data/test/nevus/ISIC_0014753.jpg,0.420976,0.00748558
data/test/nevus/ISIC_0014755.jpg,0.408673,0.00947476
data/test/nevus/ISIC_0014765.jpg,0.0664042,0.0302849
data/test/nevus/ISIC_0014768.jpg,0.0264298,0.00328904
data/test/nevus/ISIC_0014773.jpg,0.088647,0.0284552
data/test/nevus/ISIC_0014780.jpg,0.413224,0.0147517
data/test/nevus/ISIC_0014786.jpg,0.180204,0.540105
data/test/nevus/ISIC_0014787.jpg,0.21902,0.0224125
data/test/nevus/ISIC_0014792.jpg,0.0623675,0.822192
data/test/nevus/ISIC_0014796.jpg,0.0726918,0.0222633
data/test/nevus/ISIC_0014798.jpg,0.241183,0.0841235
data/test/nevus/ISIC_0014807.jpg,0.398443,0.0275388
data/test/nevus/ISIC_0014814.jpg,0.0745059,0.0540353
data/test/nevus/ISIC_0014815.jpg,0.123899,0.140039
data/test/nevus/ISIC_0014820.jpg,0.0518152,0.0496364
data/test/nevus/ISIC_0014822.jpg,0.25372,0.0527193
data/test/nevus/ISIC_0014833.jpg,0.16925,0.366934
data/test/nevus/ISIC_0014835.jpg,0.369054,0.016015
data/test/nevus/ISIC_0014844.jpg,0.183466,0.0716057
data/test/nevus/ISIC_0014853.jpg,0.0806473,0.0108194
data/test/nevus/ISIC_0014854.jpg,0.290634,0.0282229
data/test/nevus/ISIC_0014863.jpg,0.127767,0.37002
data/test/nevus/ISIC_0014867.jpg,0.199409,0.0581922
data/test/nevus/ISIC_0014868.jpg,0.210707,0.200476
data/test/nevus/ISIC_0014876.jpg,0.0865911,0.038727
data/test/nevus/ISIC_0014879.jpg,0.00957844,0.225502
data/test/nevus/ISIC_0014901.jpg,0.171836,0.284429
data/test/nevus/ISIC_0014907.jpg,0.108692,0.0719889
data/test/nevus/ISIC_0014910.jpg,0.292304,0.0248576
data/test/nevus/ISIC_0014921.jpg,0.0908983,0.00696414
data/test/nevus/ISIC_0014927.jpg,0.129145,0.00180884
data/test/nevus/ISIC_0014936.jpg,0.175284,0.00275175
data/test/nevus/ISIC_0014938.jpg,0.600416,0.00493935
data/test/nevus/ISIC_0014940.jpg,0.126528,0.0035742
data/test/nevus/ISIC_0014941.jpg,0.290891,0.00334864
data/test/nevus/ISIC_0014942.jpg,0.0634276,0.149027
data/test/nevus/ISIC_0014943.jpg,0.0828476,0.0288584
data/test/nevus/ISIC_0014944.jpg,0.176926,0.00657236
data/test/nevus/ISIC_0014947.jpg,0.231417,0.00246224
data/test/nevus/ISIC_0014948.jpg,0.523838,0.0431668
data/test/nevus/ISIC_0014949.jpg,0.157322,0.00366199
data/test/nevus/ISIC_0014952.jpg,0.295067,0.0274415
data/test/nevus/ISIC_0014955.jpg,0.532407,0.0246837
data/test/nevus/ISIC_0014956.jpg,0.337154,0.034804
data/test/nevus/ISIC_0014957.jpg,0.215011,0.0108789
data/test/nevus/ISIC_0014958.jpg,0.207564,0.0343794
data/test/nevus/ISIC_0014959.jpg,0.0306853,0.01184
data/test/nevus/ISIC_0014961.jpg,0.390123,0.0370584
data/test/nevus/ISIC_0014962.jpg,0.0893611,0.411266
data/test/nevus/ISIC_0014964.jpg,0.279158,0.00604116
data/test/nevus/ISIC_0014966.jpg,0.307055,0.0275922
data/test/nevus/ISIC_0014968.jpg,0.473552,0.0332482
data/test/nevus/ISIC_0014969.jpg,0.145585,0.0357207
data/test/nevus/ISIC_0014973.jpg,0.446802,0.027048
data/test/nevus/ISIC_0014974.jpg,0.135769,0.129789
data/test/nevus/ISIC_0014977.jpg,0.213658,0.0580709
data/test/nevus/ISIC_0014992.jpg,0.0535767,0.00179595
data/test/nevus/ISIC_0014994.jpg,0.0918913,0.0382934
data/test/nevus/ISIC_0014998.jpg,0.261159,0.143705
data/test/nevus/ISIC_0015002.jpg,0.0524271,0.315119
data/test/nevus/ISIC_0015003.jpg,0.304535,0.14736
data/test/nevus/ISIC_0015007.jpg,0.0241256,0.0355012
data/test/nevus/ISIC_0015008.jpg,0.387288,0.130304
data/test/nevus/ISIC_0015009.jpg,0.37868,0.437641
data/test/nevus/ISIC_0015011.jpg,0.275608,0.482795
data/test/nevus/ISIC_0015013.jpg,0.548064,0.0518969
data/test/nevus/ISIC_0015015.jpg,0.191031,0.169698
data/test/nevus/ISIC_0015016.jpg,0.216223,0.199961
data/test/nevus/ISIC_0015018.jpg,0.266981,0.151285
data/test/nevus/ISIC_0015019.jpg,0.395611,0.121867
data/test/nevus/ISIC_0015020.jpg,0.5199,0.111333
data/test/nevus/ISIC_0015021.jpg,0.0470588,0.0645999
data/test/nevus/ISIC_0015023.jpg,0.142172,0.0659445
data/test/nevus/ISIC_0015026.jpg,0.131844,0.158314
data/test/nevus/ISIC_0015030.jpg,0.0810717,0.0186566
data/test/nevus/ISIC_0015031.jpg,0.103389,0.709894
data/test/nevus/ISIC_0015034.jpg,0.0970292,0.0292209
data/test/nevus/ISIC_0015035.jpg,0.0722603,0.0493521
data/test/nevus/ISIC_0015037.jpg,0.266553,0.123629
data/test/nevus/ISIC_0015040.jpg,0.117664,0.227418
data/test/nevus/ISIC_0015051.jpg,0.193695,0.116767
data/test/nevus/ISIC_0015056.jpg,0.460293,0.195815
data/test/nevus/ISIC_0015057.jpg,0.138452,0.0830755
data/test/nevus/ISIC_0015060.jpg,0.138949,0.1019
data/test/nevus/ISIC_0015064.jpg,0.412369,0.103429
data/test/nevus/ISIC_0015078.jpg,0.0903889,0.535326
data/test/nevus/ISIC_0015089.jpg,0.113352,0.0158085
data/test/nevus/ISIC_0015102.jpg,0.42665,0.0552265
data/test/nevus/ISIC_0015118.jpg,0.227841,0.148653
data/test/nevus/ISIC_0015125.jpg,0.193362,0.00840046
data/test/nevus/ISIC_0015129.jpg,0.178348,0.268103
data/test/nevus/ISIC_0015130.jpg,0.360333,0.0117204
data/test/nevus/ISIC_0015139.jpg,0.306938,0.0115935
data/test/nevus/ISIC_0015140.jpg,0.473883,0.032239
data/test/nevus/ISIC_0015146.jpg,0.271883,0.0150004
data/test/nevus/ISIC_0015149.jpg,0.48256,0.065586
data/test/nevus/ISIC_0015150.jpg,0.295927,0.0661359
data/test/nevus/ISIC_0015152.jpg,0.0374774,0.347581
data/test/nevus/ISIC_0015155.jpg,0.0599853,0.125541
data/test/nevus/ISIC_0015157.jpg,0.156082,0.0430445
data/test/nevus/ISIC_0015160.jpg,0.0147708,0.434984
data/test/nevus/ISIC_0015161.jpg,0.154993,0.222939
data/test/nevus/ISIC_0015171.jpg,0.385241,0.406993
data/test/nevus/ISIC_0015173.jpg,0.286101,0.362032
data/test/nevus/ISIC_0015174.jpg,0.206565,0.0852017
data/test/nevus/ISIC_0015175.jpg,0.212337,0.0773269
data/test/nevus/ISIC_0015176.jpg,0.472465,0.0533719
data/test/nevus/ISIC_0015179.jpg,0.229626,0.12978
data/test/nevus/ISIC_0015184.jpg,0.110236,0.053555
data/test/nevus/ISIC_0015201.jpg,0.297575,0.00401887
data/test/nevus/ISIC_0015202.jpg,0.13967,0.00276287
data/test/nevus/ISIC_0015203.jpg,0.312558,0.0787248
data/test/nevus/ISIC_0015207.jpg,0.493747,0.133039
data/test/nevus/ISIC_0015208.jpg,0.425852,0.0408463
data/test/nevus/ISIC_0015212.jpg,0.047487,0.00132051
data/test/nevus/ISIC_0015215.jpg,0.111641,0.195823
data/test/nevus/ISIC_0015216.jpg,0.354229,0.14783
data/test/nevus/ISIC_0015217.jpg,0.0749185,0.0219628
data/test/nevus/ISIC_0015218.jpg,0.109203,0.0103325
data/test/nevus/ISIC_0015223.jpg,0.054338,0.0164706
data/test/nevus/ISIC_0015224.jpg,0.186728,0.128553
data/test/nevus/ISIC_0015226.jpg,0.223484,0.177
data/test/nevus/ISIC_0015232.jpg,0.246298,0.462105
data/test/nevus/ISIC_0015237.jpg,0.529868,0.0980277
data/test/nevus/ISIC_0015241.jpg,0.127448,0.020325
data/test/nevus/ISIC_0015244.jpg,0.143241,0.331113
data/test/nevus/ISIC_0015245.jpg,0.0749728,0.0874413
data/test/nevus/ISIC_0015250.jpg,0.116075,0.55203
data/test/nevus/ISIC_0015254.jpg,0.354991,0.127781
data/test/nevus/ISIC_0015255.jpg,0.564014,0.190901
data/test/nevus/ISIC_0015258.jpg,0.31322,0.10575
data/test/nevus/ISIC_0015264.jpg,0.106063,0.503431
data/test/nevus/ISIC_0015270.jpg,0.202435,0.112027
data/test/nevus/ISIC_0015273.jpg,0.0629713,0.11556
data/test/nevus/ISIC_0015274.jpg,0.429172,0.0498076
data/test/nevus/ISIC_0015276.jpg,0.106374,0.02992
data/test/nevus/ISIC_0015279.jpg,0.11886,0.0644994
data/test/nevus/ISIC_0015283.jpg,0.214887,0.00906166
data/test/nevus/ISIC_0015291.jpg,0.0492211,0.0692545
data/test/nevus/ISIC_0015293.jpg,0.259815,0.102145
data/test/nevus/ISIC_0015298.jpg,0.0968034,0.0350587
data/test/nevus/ISIC_0015309.jpg,0.0580375,0.295512
data/test/nevus/ISIC_0015310.jpg,0.170197,0.145543
data/test/nevus/ISIC_0015311.jpg,0.23811,0.014942
data/test/nevus/ISIC_0015312.jpg,0.207458,0.00631121
data/test/nevus/ISIC_0015330.jpg,0.116127,0.0353337
data/test/nevus/ISIC_0015331.jpg,0.0591888,0.0241781
data/test/nevus/ISIC_0015347.jpg,0.290991,0.00687242
data/test/nevus/ISIC_0015353.jpg,0.42275,0.0118079
data/test/nevus/ISIC_0015355.jpg,0.0676759,0.415318
data/test/nevus/ISIC_0015357.jpg,0.0570058,0.0166648
data/test/nevus/ISIC_0015360.jpg,0.34959,0.00379612
data/test/nevus/ISIC_0015363.jpg,0.262886,0.341667
data/test/nevus/ISIC_0015364.jpg,0.117344,0.521347
data/test/nevus/ISIC_0015368.jpg,0.35729,0.0558518
data/test/nevus/ISIC_0015369.jpg,0.206487,0.0621548
data/test/nevus/ISIC_0015383.jpg,0.0868472,0.00318739
data/test/nevus/ISIC_0015386.jpg,0.348874,0.00734567
data/test/nevus/ISIC_0015390.jpg,0.261127,0.186551
data/test/nevus/ISIC_0015395.jpg,0.0476763,0.179786
data/test/nevus/ISIC_0015403.jpg,0.51177,0.0991197
data/test/nevus/ISIC_0015404.jpg,0.413245,0.22042
data/test/nevus/ISIC_0015411.jpg,0.0206375,0.00670579
data/test/nevus/ISIC_0015412.jpg,0.278538,0.0517071
data/test/nevus/ISIC_0015416.jpg,0.407153,0.26053
data/test/nevus/ISIC_0015417.jpg,0.473201,0.0793593
data/test/nevus/ISIC_0015418.jpg,0.152236,0.121805
data/test/nevus/ISIC_0015419.jpg,0.161678,0.341537
data/test/nevus/ISIC_0015436.jpg,0.326004,0.225225
data/test/nevus/ISIC_0015440.jpg,0.0470861,0.0654566
data/test/nevus/ISIC_0015447.jpg,0.511739,0.167805
data/test/nevus/ISIC_0015455.jpg,0.195889,0.422386
data/test/nevus/ISIC_0015464.jpg,0.523721,0.161478
data/test/nevus/ISIC_0015466.jpg,0.199672,0.142742
data/test/nevus/ISIC_0015468.jpg,0.032309,0.0315715
data/test/nevus/ISIC_0015476.jpg,0.034937,0.0199463
data/test/nevus/ISIC_0015481.jpg,0.385982,0.0367713
data/test/nevus/ISIC_0015482.jpg,0.396935,0.0200055
data/test/nevus/ISIC_0015485.jpg,0.172617,0.0994603
data/test/nevus/ISIC_0015510.jpg,0.0800294,0.0174015
data/test/nevus/ISIC_0015526.jpg,0.0738829,0.00807412
data/test/nevus/ISIC_0015537.jpg,0.53599,0.0123615
data/test/nevus/ISIC_0015544.jpg,0.341317,0.00303378
data/test/nevus/ISIC_0015559.jpg,0.557669,0.00215722
data/test/nevus/ISIC_0015563.jpg,0.238124,0.0683016
data/test/nevus/ISIC_0015566.jpg,0.235199,0.000508784
data/test/nevus/ISIC_0015568.jpg,0.400484,0.00102557
data/test/nevus/ISIC_0015582.jpg,0.079373,0.00669446
data/test/nevus/ISIC_0015593.jpg,0.129267,0.187694
data/test/nevus/ISIC_0015603.jpg,0.0571013,0.00481309
data/test/nevus/ISIC_0015607.jpg,0.183563,0.247791
data/test/nevus/ISIC_0015614.jpg,0.314177,0.168144
data/test/nevus/ISIC_0015617.jpg,0.304824,0.0665118
data/test/nevus/ISIC_0015625.jpg,0.0463768,0.00274956
data/test/nevus/ISIC_0015631.jpg,0.0979881,0.112466
data/test/nevus/ISIC_0015636.jpg,0.519043,0.00659733
data/test/nevus/ISIC_0015638.jpg,0.105269,0.00099134
data/test/nevus/ISIC_0015641.jpg,0.139984,0.280656
data/test/nevus/ISIC_0015645.jpg,0.177826,0.0445553
data/test/nevus/ISIC_0015936.jpg,0.0873442,0.160737
data/test/nevus/ISIC_0015937.jpg,0.0621084,0.050603
data/test/nevus/ISIC_0015938.jpg,0.115417,0.0458946
data/test/nevus/ISIC_0015939.jpg,0.380282,0.0585121
data/test/nevus/ISIC_0015940.jpg,0.0275668,0.0775287
data/test/nevus/ISIC_0015941.jpg,0.0310507,0.0023705
data/test/nevus/ISIC_0015942.jpg,0.041821,0.0669858
data/test/nevus/ISIC_0015943.jpg,0.0881659,0.147348
data/test/nevus/ISIC_0015944.jpg,0.12754,0.694224
data/test/nevus/ISIC_0015945.jpg,0.18902,0.394236
data/test/nevus/ISIC_0015946.jpg,0.184786,0.239452
data/test/nevus/ISIC_0015947.jpg,0.214025,0.0697186
data/test/nevus/ISIC_0015948.jpg,0.125768,0.0207569
data/test/nevus/ISIC_0015949.jpg,0.0331775,0.00559601
data/test/nevus/ISIC_0015950.jpg,0.0554806,0.17763
data/test/nevus/ISIC_0015951.jpg,0.0337035,0.25974
data/test/nevus/ISIC_0015952.jpg,0.231766,0.211731
data/test/nevus/ISIC_0015953.jpg,0.0803723,0.741101
data/test/nevus/ISIC_0015954.jpg,0.170276,0.00784984
data/test/nevus/ISIC_0015955.jpg,0.139197,0.296852
data/test/nevus/ISIC_0015956.jpg,0.207363,0.0428754
data/test/nevus/ISIC_0015957.jpg,0.0657624,0.429601
data/test/nevus/ISIC_0015958.jpg,0.0845605,0.681876
data/test/nevus/ISIC_0015959.jpg,0.314523,0.0156935
data/test/nevus/ISIC_0015960.jpg,0.161837,0.00109349
data/test/nevus/ISIC_0015961.jpg,0.338087,0.00667092
data/test/nevus/ISIC_0015962.jpg,0.270464,0.128391
data/test/nevus/ISIC_0015963.jpg,0.037869,0.13168
data/test/nevus/ISIC_0015964.jpg,0.108367,0.0800759
data/test/nevus/ISIC_0015965.jpg,0.265681,0.0598908
data/test/nevus/ISIC_0015966.jpg,0.0815031,0.529817
data/test/nevus/ISIC_0015967.jpg,0.118708,0.187361
data/test/nevus/ISIC_0015968.jpg,0.620389,0.175545
data/test/nevus/ISIC_0015969.jpg,0.184779,0.401496
data/test/nevus/ISIC_0015971.jpg,0.0641771,0.0100356
data/test/nevus/ISIC_0015972.jpg,0.00850192,0.865397
data/test/nevus/ISIC_0015973.jpg,0.0567096,0.463817
data/test/nevus/ISIC_0015974.jpg,0.0542472,0.395402
data/test/nevus/ISIC_0015975.jpg,0.0256148,0.0268962
data/test/nevus/ISIC_0015976.jpg,0.12081,0.062691
data/test/nevus/ISIC_0015978.jpg,0.0259211,0.692591
data/test/nevus/ISIC_0015979.jpg,0.0405585,0.849326
data/test/nevus/ISIC_0015980.jpg,0.0915877,0.104123
data/test/nevus/ISIC_0015981.jpg,0.0945566,0.101707
data/test/nevus/ISIC_0015982.jpg,0.0546515,0.0108607
data/test/nevus/ISIC_0015983.jpg,0.246546,0.297517
data/test/nevus/ISIC_0015984.jpg,0.0760344,0.36056
data/test/nevus/ISIC_0015985.jpg,0.121077,0.0366814
data/test/nevus/ISIC_0015986.jpg,0.216223,0.116436
data/test/nevus/ISIC_0015987.jpg,0.115058,0.0911847
data/test/nevus/ISIC_0015988.jpg,0.296013,0.121364
data/test/nevus/ISIC_0015989.jpg,0.0929733,0.323778
data/test/nevus/ISIC_0015990.jpg,0.080143,0.00478687
data/test/nevus/ISIC_0015991.jpg,0.193421,0.0512425
data/test/nevus/ISIC_0015992.jpg,0.117091,0.024821
data/test/nevus/ISIC_0015993.jpg,0.114353,0.0456269
data/test/nevus/ISIC_0015994.jpg,0.197988,0.0296657
data/test/nevus/ISIC_0015995.jpg,0.44113,0.0224414
data/test/nevus/ISIC_0015996.jpg,0.233168,0.0405087
data/test/nevus/ISIC_0015997.jpg,0.0901256,0.0171694
data/test/nevus/ISIC_0015998.jpg,0.199051,0.0212412
data/test/nevus/ISIC_0015999.jpg,0.028507,0.0379125
data/test/nevus/ISIC_0016000.jpg,0.456712,0.323019
data/test/nevus/ISIC_0016001.jpg,0.0508629,0.320276
data/test/nevus/ISIC_0016002.jpg,0.0621488,0.111724
data/test/nevus/ISIC_0016003.jpg,0.126923,0.0452788
data/test/nevus/ISIC_0016004.jpg,0.439313,0.153373
data/test/nevus/ISIC_0016005.jpg,0.0823615,0.223901
data/test/nevus/ISIC_0016006.jpg,0.0154651,0.907877
data/test/nevus/ISIC_0016007.jpg,0.0598694,0.641775
data/test/nevus/ISIC_0016008.jpg,0.315398,0.424359
data/test/nevus/ISIC_0016009.jpg,0.10428,0.154211
data/test/nevus/ISIC_0016011.jpg,0.00308903,0.962338
data/test/nevus/ISIC_0016012.jpg,0.19407,0.114953
data/test/nevus/ISIC_0016013.jpg,0.0138882,0.783314
data/test/nevus/ISIC_0016014.jpg,0.0220198,0.0135412
data/test/nevus/ISIC_0016015.jpg,0.0326836,0.11153
data/test/nevus/ISIC_0016016.jpg,0.0796883,0.568277
data/test/nevus/ISIC_0016017.jpg,0.0436966,0.0381294
data/test/nevus/ISIC_0016018.jpg,0.0277952,0.0264441
data/test/nevus/ISIC_0016019.jpg,0.0916413,0.764241
data/test/nevus/ISIC_0016022.jpg,0.545713,0.0518694
data/test/nevus/ISIC_0016023.jpg,0.016529,0.878453
data/test/nevus/ISIC_0016024.jpg,0.581338,0.250441
data/test/nevus/ISIC_0016025.jpg,0.224698,0.16126
data/test/nevus/ISIC_0016026.jpg,0.171115,0.318493
data/test/nevus/ISIC_0016027.jpg,0.0636079,0.691136
data/test/nevus/ISIC_0016028.jpg,0.00494326,0.429768
data/test/nevus/ISIC_0016029.jpg,0.0502232,0.063116
data/test/nevus/ISIC_0016030.jpg,0.197372,0.208647
data/test/nevus/ISIC_0016031.jpg,0.417093,0.00659607
data/test/nevus/ISIC_0016033.jpg,0.265215,0.539493
data/test/nevus/ISIC_0016034.jpg,0.384201,0.169538
data/test/nevus/ISIC_0016035.jpg,0.237087,0.259569
data/test/nevus/ISIC_0016036.jpg,0.335536,0.326355
data/test/nevus/ISIC_0016037.jpg,0.17664,0.267885
data/test/nevus/ISIC_0016038.jpg,0.0849889,0.0145402
data/test/nevus/ISIC_0016040.jpg,0.229734,0.139876
data/test/nevus/ISIC_0016041.jpg,0.1377,0.556406
data/test/nevus/ISIC_0016042.jpg,0.193561,0.278808
data/test/nevus/ISIC_0016043.jpg,0.204192,0.0620313
data/test/nevus/ISIC_0016044.jpg,0.121886,0.551506
data/test/nevus/ISIC_0016045.jpg,0.244844,0.0553047
data/test/nevus/ISIC_0016046.jpg,0.22824,0.0179
data/test/nevus/ISIC_0016048.jpg,0.234323,0.024733
data/test/nevus/ISIC_0016049.jpg,0.178516,0.00470525
data/test/nevus/ISIC_0016050.jpg,0.451399,0.0871955
data/test/nevus/ISIC_0016051.jpg,0.16074,0.167778
data/test/nevus/ISIC_0016052.jpg,0.492432,0.0133235
data/test/nevus/ISIC_0016053.jpg,0.108322,0.0101687
data/test/nevus/ISIC_0016054.jpg,0.182103,0.431723
data/test/nevus/ISIC_0016055.jpg,0.0525967,0.0892846
data/test/nevus/ISIC_0016056.jpg,0.231439,0.416447
data/test/nevus/ISIC_0016057.jpg,0.362627,0.171165
data/test/nevus/ISIC_0016058.jpg,0.0583747,0.462009
data/test/nevus/ISIC_0016059.jpg,0.19863,0.0458838
data/test/nevus/ISIC_0016060.jpg,0.296838,0.0685946
data/test/nevus/ISIC_0016061.jpg,0.154375,0.00439919
data/test/nevus/ISIC_0016062.jpg,0.305299,0.0183214
data/test/nevus/ISIC_0016063.jpg,0.357902,0.0591935
data/test/nevus/ISIC_0016064.jpg,0.0297498,0.673342
data/test/nevus/ISIC_0016065.jpg,0.0283661,0.349417
data/test/nevus/ISIC_0016066.jpg,0.739597,0.0491454
data/test/nevus/ISIC_0016068.jpg,0.533038,0.0969867
data/test/nevus/ISIC_0016069.jpg,0.128584,0.091618
data/test/nevus/ISIC_0016070.jpg,0.0462557,0.201035
data/test/nevus/ISIC_0016071.jpg,0.181732,0.0395926
data/test/nevus/ISIC_0016072.jpg,0.436237,0.129461
data/test/seborrheic_keratosis/ISIC_0012086.jpg,0.0437304,0.875533
data/test/seborrheic_keratosis/ISIC_0012134.jpg,0.0802721,0.885333
data/test/seborrheic_keratosis/ISIC_0012136.jpg,0.0323931,0.814103
data/test/seborrheic_keratosis/ISIC_0012178.jpg,0.0990601,0.758426
data/test/seborrheic_keratosis/ISIC_0012199.jpg,0.338352,0.331175
data/test/seborrheic_keratosis/ISIC_0012207.jpg,0.0859848,0.474489
data/test/seborrheic_keratosis/ISIC_0012215.jpg,0.076593,0.896619
data/test/seborrheic_keratosis/ISIC_0012223.jpg,0.271622,0.482045
data/test/seborrheic_keratosis/ISIC_0012240.jpg,0.0957086,0.835748
data/test/seborrheic_keratosis/ISIC_0012248.jpg,0.0703471,0.836606
data/test/seborrheic_keratosis/ISIC_0012265.jpg,0.687716,0.108063
data/test/seborrheic_keratosis/ISIC_0012266.jpg,0.179821,0.585223
data/test/seborrheic_keratosis/ISIC_0012272.jpg,0.0213441,0.373601
data/test/seborrheic_keratosis/ISIC_0012273.jpg,0.0360408,0.940789
data/test/seborrheic_keratosis/ISIC_0012314.jpg,0.120888,0.271093
data/test/seborrheic_keratosis/ISIC_0012323.jpg,0.0267959,0.937797
data/test/seborrheic_keratosis/ISIC_0012330.jpg,0.0110433,0.963796
data/test/seborrheic_keratosis/ISIC_0012358.jpg,0.305873,0.158844
data/test/seborrheic_keratosis/ISIC_0012364.jpg,0.0300147,0.670039
data/test/seborrheic_keratosis/ISIC_0012372.jpg,0.0358157,0.765691
data/test/seborrheic_keratosis/ISIC_0012375.jpg,0.204193,0.517566
data/test/seborrheic_keratosis/ISIC_0012387.jpg,0.0041034,0.983135
data/test/seborrheic_keratosis/ISIC_0012388.jpg,0.0249854,0.641601
data/test/seborrheic_keratosis/ISIC_0012414.jpg,0.200014,0.435809
data/test/seborrheic_keratosis/ISIC_0012428.jpg,0.259042,0.307603
data/test/seborrheic_keratosis/ISIC_0012432.jpg,0.0232353,0.771474
data/test/seborrheic_keratosis/ISIC_0012447.jpg,0.0160864,0.92007
data/test/seborrheic_keratosis/ISIC_0012448.jpg,0.020467,0.88229
data/test/seborrheic_keratosis/ISIC_0012510.jpg,0.524066,0.305275
data/test/seborrheic_keratosis/ISIC_0012522.jpg,0.0215318,0.557265
data/test/seborrheic_keratosis/ISIC_0012537.jpg,0.106952,0.727046
data/test/seborrheic_keratosis/ISIC_0012548.jpg,0.118456,0.705358
data/test/seborrheic_keratosis/ISIC_0012705.jpg,0.0921058,0.799721
data/test/seborrheic_keratosis/ISIC_0012757.jpg,0.00715269,0.882502
data/test/seborrheic_keratosis/ISIC_0012786.jpg,0.00772149,0.929685
data/test/seborrheic_keratosis/ISIC_0012848.jpg,0.119246,0.751987
data/test/seborrheic_keratosis/ISIC_0012852.jpg,0.00662977,0.680742
data/test/seborrheic_keratosis/ISIC_0012928.jpg,0.00405399,0.952206
data/test/seborrheic_keratosis/ISIC_0012955.jpg,0.0584567,0.653224
data/test/seborrheic_keratosis/ISIC_0012974.jpg,0.0606851,0.660746
data/test/seborrheic_keratosis/ISIC_0013030.jpg,0.0173499,0.646413
data/test/seborrheic_keratosis/ISIC_0013035.jpg,0.020024,0.883439
data/test/seborrheic_keratosis/ISIC_0013085.jpg,0.00384274,0.945428
data/test/seborrheic_keratosis/ISIC_0013169.jpg,0.0376737,0.920248
data/test/seborrheic_keratosis/ISIC_0013170.jpg,0.0436058,0.888524
data/test/seborrheic_keratosis/ISIC_0013203.jpg,0.0226326,0.880838
data/test/seborrheic_keratosis/ISIC_0013270.jpg,0.231138,0.0175947
data/test/seborrheic_keratosis/ISIC_0013271.jpg,0.0580553,0.726765
data/test/seborrheic_keratosis/ISIC_0013281.jpg,0.011167,0.975317
data/test/seborrheic_keratosis/ISIC_0013319.jpg,0.137873,0.686755
data/test/seborrheic_keratosis/ISIC_0013393.jpg,0.0401025,0.83935
data/test/seborrheic_keratosis/ISIC_0013465.jpg,0.0276945,0.82733
data/test/seborrheic_keratosis/ISIC_0013673.jpg,0.00120014,0.982828
data/test/seborrheic_keratosis/ISIC_0013708.jpg,0.04577,0.944213
data/test/seborrheic_keratosis/ISIC_0013764.jpg,0.109774,0.817883
data/test/seborrheic_keratosis/ISIC_0013977.jpg,0.0102679,0.736238
data/test/seborrheic_keratosis/ISIC_0014006.jpg,0.0393076,0.911974
data/test/seborrheic_keratosis/ISIC_0014177.jpg,0.0314744,0.84937
data/test/seborrheic_keratosis/ISIC_0014251.jpg,0.0712987,0.890323
data/test/seborrheic_keratosis/ISIC_0014278.jpg,0.114175,0.130634
data/test/seborrheic_keratosis/ISIC_0014386.jpg,0.136504,0.459828
data/test/seborrheic_keratosis/ISIC_0014392.jpg,0.136731,0.626085
data/test/seborrheic_keratosis/ISIC_0014409.jpg,0.0737167,0.14643
data/test/seborrheic_keratosis/ISIC_0014419.jpg,0.373597,0.319718
data/test/seborrheic_keratosis/ISIC_0014457.jpg,0.262307,0.252704
data/test/seborrheic_keratosis/ISIC_0014474.jpg,0.00873563,0.961267
data/test/seborrheic_keratosis/ISIC_0014500.jpg,0.223343,0.473375
data/test/seborrheic_keratosis/ISIC_0014503.jpg,0.0708015,0.469219
data/test/seborrheic_keratosis/ISIC_0014567.jpg,0.00575373,0.980982
data/test/seborrheic_keratosis/ISIC_0014574.jpg,0.0521916,0.666573
data/test/seborrheic_keratosis/ISIC_0014575.jpg,0.00432731,0.969443
data/test/seborrheic_keratosis/ISIC_0014586.jpg,0.437138,0.0289665
data/test/seborrheic_keratosis/ISIC_0014587.jpg,0.0931653,0.403577
data/test/seborrheic_keratosis/ISIC_0014588.jpg,0.0514881,0.62576
data/test/seborrheic_keratosis/ISIC_0014590.jpg,0.184416,0.227622
data/test/seborrheic_keratosis/ISIC_0014600.jpg,0.199724,0.587168
data/test/seborrheic_keratosis/ISIC_0014619.jpg,0.147978,0.795255
data/test/seborrheic_keratosis/ISIC_0014626.jpg,0.0109444,0.980106
data/test/seborrheic_keratosis/ISIC_0014627.jpg,0.00308539,0.977213
data/test/seborrheic_keratosis/ISIC_0014629.jpg,0.000950598,0.990692
data/test/seborrheic_keratosis/ISIC_0014631.jpg,0.00836604,0.968297
data/test/seborrheic_keratosis/ISIC_0014634.jpg,0.042704,0.859852
data/test/seborrheic_keratosis/ISIC_0014643.jpg,0.00339665,0.991645
data/test/seborrheic_keratosis/ISIC_0014644.jpg,0.395023,0.11865
data/test/seborrheic_keratosis/ISIC_0014645.jpg,0.129111,0.82516
data/test/seborrheic_keratosis/ISIC_0014647.jpg,0.0129091,0.941356
data/test/seborrheic_keratosis/ISIC_0014648.jpg,0.0235645,0.947965
data/test/seborrheic_keratosis/ISIC_0014649.jpg,0.00445035,0.980419
data/test/seborrheic_keratosis/ISIC_0014652.jpg,0.0234445,0.88799
data/test/seborrheic_keratosis/ISIC_0014653.jpg,0.0279656,0.929539
